Codigo_Municipio;Codigo_IBGE;Municipio;Populacao
350010;35001058;ADAMANTINA;35642.0
350020;35002048;ADOLFO;4478.0
350030;35003038;AGUAÍ;32888.0
350070;35007098;AGUDOS;38879.0
350075;35007588;ALAMBARI;6330.0
350080;35008088;ALFREDO MARCONDES;4556.0
350090;35009078;ALTAIR;3479.0
350100;35010048;ALTINÓPOLIS;17156.0
350110;35011038;ALTO ALEGRE;3883.0
350115;35011528;ALUMÍNIO;17591.0
350150;35015098;ALVINLÂNDIA;2923.0
350160;35016088;AMERICANA;246655.0
350190;35019058;AMPARO;69717.0
350170;35017078;AMÉRICO BRASILIENSE;33757.0
350180;35018068;AMÉRICO DE CAMPOS;5975.0
350200;35020028;ANALÂNDIA;4684.0
350210;35021018;ANDRADINA;61473.0
350220;35022008;ANGATUBA;24512.0
350230;35023098;ANHEMBI;5766.0
350240;35024088;ANHUMAS;4108.0
350250;35025078;APARECIDA;33223.0
350260;35026068;APARECIDA D'OESTE;4124.0
350270;35027058;APIAÍ;24886.0
350300;35030008;ARAMINA;5526.0
350310;35031098;ARANDU;7050.0
350315;35031588;ARAPEÍ;2355.0
350320;35032088;ARARAQUARA;252318.0
350330;35033078;ARARAS;135331.0
350275;35027548;ARAÇARIGUAMA;22168.0
350280;35028048;ARAÇATUBA;207775.0
350290;35029038;ARAÇOIABA DA SERRA;33656.0
350335;35033568;ARCO-ÍRIS;2085.0
350340;35034068;AREALVA;8280.0
350350;35035058;AREIAS;3625.0
350360;35036048;AREIÓPOLIS;10257.0
350370;35037038;ARIRANHA;7653.0
350380;35038028;ARTUR NOGUEIRA;53157.0
350390;35039018;ARUJÁ;89943.0
350395;35039508;ASPÁSIA;1873.0
350400;35040088;ASSIS;104642.0
350410;35041078;ATIBAIA;166043.0
350420;35042068;AURIFLAMA;13873.0
350440;35044048;AVANHANDAVA;11438.0
350450;35045038;AVARÉ;96098.0
350430;35043058;AVAÍ;4519.0
350460;35046028;BADY BASSITT;28909.0
350470;35047018;BALBINOS;3963.0
350490;35049098;BANANAL;10109.0
350510;35051048;BARBOSA;5659.0
350520;35052038;BARIRI;32405.0
350530;35053028;BARRA BONITA;35159.0
350535;35053518;BARRA DO CHAPÉU;5256.0
350540;35054018;BARRA DO TURVO;6922.0
350550;35055008;BARRETOS;126600.0
350560;35056098;BARRINHA;33181.0
350570;35057088;BARUERI;330339.0
350500;35050058;BARÃO DE ANTONINA;3618.0
350580;35058078;BASTOS;21900.0
350590;35059068;BATATAIS;59873.0
350600;35060038;BAURU;391740.0
350610;35061028;BEBEDOURO;78210.0
350620;35062018;BENTO DE ABREU;2642.0
350630;35063008;BERNARDINO DE CAMPOS;11852.0
350635;35063598;BERTIOGA;66873.0
350640;35064098;BILAC;7455.0
350650;35065088;BIRIGUI;122988.0
350660;35066078;BIRITIBA MIRIM;30526.0
350670;35067068;BOA ESPERANÇA DO SUL;13135.0
350680;35068058;BOCAINA;11467.0
350690;35069048;BOFETE;10688.0
350700;35070018;BOITUVA;63415.0
350710;35071008;BOM JESUS DOS PERDÕES;22501.0
350715;35071598;BOM SUCESSO DE ITARARÉ;3610.0
350730;35073088;BORACÉIA;4823.0
350740;35074078;BORBOREMA;14415.0
350745;35074568;BOREBI;2787.0
350720;35072098;BORÁ;928.0
350750;35075068;BOTUCATU;150442.0
350760;35076058;BRAGANÇA PAULISTA;184634.0
350770;35077048;BRAÚNA;5466.0
350775;35077538;BREJO ALEGRE;2605.0
350780;35078038;BRODOWSKI;26167.0
350790;35079028;BROTAS;24423.0
350800;35080098;BURI;20674.0
350810;35081088;BURITAMA;17597.0
350820;35082078;BURITIZAL;4447.0
350480;35048008;BÁLSAMO;9854.0
350840;35084058;CABREÚVA;48473.0
350830;35083068;CABRÁLIA PAULISTA;4362.0
350860;35086038;CACHOEIRA PAULISTA;32482.0
350870;35087028;CACONDE;17266.0
350880;35088018;CAFELÂNDIA;16905.0
350890;35089008;CAIABU;3745.0
350900;35090078;CAIEIRAS;98257.0
350910;35091068;CAIUÁ;5585.0
350920;35092058;CAJAMAR;97363.0
350925;35092548;CAJATI;29257.0
350930;35093048;CAJOBI;9232.0
350940;35094038;CAJURU;24217.0
350945;35094528;CAMPINA DO MONTE ALEGRE;6077.0
350950;35095028;CAMPINAS;1185977.0
350960;35096018;CAMPO LIMPO PAULISTA;79663.0
350970;35097008;CAMPOS DO JORDÃO;47983.0
350980;35098098;CAMPOS NOVOS PAULISTA;4991.0
350990;35099088;CANANÉIA;12489.0
350995;35099578;CANAS;5049.0
351015;35101538;CANITAR;6524.0
351030;35103028;CAPELA DO ALTO;23597.0
351040;35104018;CAPIVARI;51318.0
351020;35102038;CAPÃO BONITO;47403.0
351050;35105008;CARAGUATATUBA;141084.0
351060;35106098;CARAPICUÍBA;398462.0
351070;35107088;CARDOSO;11491.0
351080;35108078;CASA BRANCA;28786.0
351100;35110038;CASTILHO;20418.0
351110;35111028;CATANDUVA;119172.0
351120;35112018;CATIGUÁ;7105.0
350850;35085048;CAÇAPAVA;99678.0
351130;35113008;CEDRAL;13160.0
351140;35114098;CERQUEIRA CÉSAR;22076.0
351150;35115088;CERQUILHO;46217.0
351160;35116078;CESÁRIO LANGE;19588.0
351170;35117068;CHARQUEADA;15798.0
355720;35572048;CHAVANTES;12411.0
351190;35119048;CLEMENTINA;7087.0
351200;35120018;COLINA;18842.0
351210;35121008;COLÔMBIA;6781.0
351220;35122098;CONCHAL;29034.0
351230;35123088;CONCHAS;15381.0
351240;35124078;CORDEIRÓPOLIS;25130.0
351250;35125068;COROADOS;5498.0
351260;35126058;CORONEL MACEDO;4295.0
351270;35127048;CORUMBATAÍ;4285.0
351290;35129028;COSMORAMA;8968.0
351280;35128038;COSMÓPOLIS;61204.0
351300;35130098;COTIA;287004.0
351310;35131088;CRAVINHOS;34252.0
351320;35132078;CRISTAIS PAULISTA;9543.0
351340;35134058;CRUZEIRO;76513.0
351330;35133068;CRUZÁLIA;2129.0
351350;35135048;CUBATÃO;115082.0
351360;35136038;CUNHA;22456.0
351090;35109068;CÁSSIA DOS COQUEIROS;2855.0
351000;35100058;CÂNDIDO MOTA;30172.0
351010;35101048;CÂNDIDO RODRIGUES;2951.0
351370;35137028;DESCALVADO;32622.0
351380;35138018;DIADEMA;404118.0
351385;35138508;DIRCE REIS;1641.0
351390;35139008;DIVINOLÂNDIA;11314.0
351400;35140078;DOBRADA;8958.0
351410;35141068;DOIS CÓRREGOS;24855.0
351420;35142058;DOLCINÓPOLIS;2250.0
351430;35143048;DOURADO;8186.0
351440;35144038;DRACENA;46664.0
351450;35145028;DUARTINA;12529.0
351460;35146018;DUMONT;9719.0
351470;35147008;ECHAPORÃ;6295.0
351480;35148098;ELDORADO;13162.0
351490;35149088;ELIAS FAUSTO;18103.0
351492;35149248;ELISIÁRIO;3189.0
351495;35149578;EMBAÚBA;2353.0
351500;35150048;EMBU DAS ARTES;259323.0
351510;35151038;EMBU-GUAÇU;68805.0
351512;35151298;EMILIANÓPOLIS;3062.0
351515;35151528;ENGENHEIRO COELHO;20139.0
351518;35151868;ESPÍRITO SANTO DO PINHAL;40681.0
351519;35151948;ESPÍRITO SANTO DO TURVO;4217.0
355730;35573038;ESTIVA GERBI;11566.0
351520;35152028;ESTRELA D'OESTE;9655.0
351530;35153018;ESTRELA DO NORTE;2749.0
351535;35153508;EUCLIDES DA CUNHA PAULISTA;7928.0
351540;35154008;FARTURA;16984.0
351560;35156088;FERNANDO PRESTES;6066.0
351550;35155098;FERNANDÓPOLIS;73286.0
351565;35156578;FERNÃO;1689.0
351570;35157078;FERRAZ DE VASCONCELOS;185622.0
351580;35158068;FLORA RICA;1492.0
351590;35159058;FLOREAL;2756.0
351610;35161018;FLORÍNEA;3987.0
351600;35160028;FLÓRIDA PAULISTA;13171.0
351620;35162008;FRANCA;364331.0
351630;35163098;FRANCISCO MORATO;171107.0
351640;35164088;FRANCO DA ROCHA;149786.0
351650;35165078;GABRIEL MONTEIRO;2811.0
351670;35167058;GARÇA;43115.0
351680;35168048;GASTÃO VIDIGAL;3235.0
351685;35168538;GAVIÃO PEIXOTO;4797.0
351690;35169038;GENERAL SALGADO;10449.0
351700;35170008;GETULINA;10355.0
351710;35171098;GLICÉRIO;4173.0
351730;35173078;GUAIMBÊ;5606.0
351720;35172088;GUAIÇARA;11459.0
351760;35176048;GUAPIARA;17256.0
351750;35175058;GUAPIAÇU;22316.0
351790;35179018;GUARACI;10542.0
351800;35180088;GUARANI D'OESTE;1999.0
351810;35181078;GUARANTÃ;6531.0
351820;35182068;GUARARAPES;31872.0
351830;35183058;GUARAREMA;32436.0
351840;35184048;GUARATINGUETÁ;121710.0
351780;35178028;GUARAÇAÍ;7486.0
351850;35185038;GUAREÍ;15268.0
351860;35186028;GUARIBA;38609.0
351870;35187018;GUARUJÁ;294973.0
351880;35188008;GUARULHOS;1345364.0
351770;35177038;GUARÁ;18790.0
351885;35188598;GUATAPARÁ;7462.0
351740;35174068;GUAÍRA;40424.0
351890;35189098;GUZOLÂNDIA;4276.0
351660;35166068;GÁLIA;6435.0
351900;35190068;HERCULÂNDIA;9302.0
351905;35190558;HOLAMBRA;15596.0
351907;35190718;HORTOLÂNDIA;247331.0
351910;35191058;IACANGA;10633.0
351920;35192048;IACRI;6207.0
351925;35192538;IARAS;8257.0
351930;35193038;IBATÉ;33110.0
351950;35195018;IBIRAREMA;6461.0
351940;35194028;IBIRÁ;11934.0
351960;35196008;IBITINGA;61908.0
351970;35197098;IBIÚNA;77651.0
351980;35198088;ICÉM;7969.0
351990;35199078;IEPÊ;7739.0
352010;35201038;IGARAPAVA;26755.0
352020;35202028;IGARATÁ;10904.0
352000;35200048;IGARAÇU DO TIETÊ;23430.0
352030;35203018;IGUAPE;29881.0
352042;35204268;ILHA COMPRIDA;13955.0
352044;35204428;ILHA SOLTEIRA;26240.0
352040;35204008;ILHABELA;36329.0
352050;35205098;INDAIATUBA;267796.0
352060;35206088;INDIANA;5191.0
352070;35207078;INDIAPORÃ;4109.0
352080;35208068;INÚBIA PAULISTA;3671.0
352090;35209058;IPAUSSU;13933.0
352100;35210028;IPERÓ;37999.0
352110;35211018;IPEÚNA;6999.0
352115;35211508;IPIGUÁ;7037.0
352120;35212008;IPORANGA;4091.0
352130;35213098;IPUÃ;14691.0
352140;35214088;IRACEMÁPOLIS;22435.0
352160;35216068;IRAPURU;7145.0
352150;35215078;IRAPUÃ;6946.0
352170;35217058;ITABERÁ;18258.0
352190;35219038;ITAJOBI;17420.0
352200;35220008;ITAJU;3702.0
352210;35221098;ITANHAÉM;117435.0
352215;35221588;ITAOCA;3490.0
352220;35222088;ITAPECERICA DA SERRA;163928.0
352230;35223078;ITAPETININGA;163774.0
352240;35224068;ITAPEVA;92324.0
352250;35225058;ITAPEVI;241924.0
352260;35226048;ITAPIRA;73919.0
352265;35226538;ITAPIRAPUÃ PAULISTA;4405.0
352280;35228028;ITAPORANGA;14260.0
352300;35230088;ITAPURA;4014.0
352290;35229018;ITAPUÍ;13984.0
352310;35231078;ITAQUAQUECETUBA;382521.0
352320;35232068;ITARARÉ;45327.0
352330;35233058;ITARIRI;15762.0
352340;35234048;ITATIBA;126403.0
352350;35235038;ITATINGA;19427.0
352180;35218048;ITAÍ;25930.0
352360;35236028;ITIRAPINA;16433.0
352370;35237018;ITIRAPUÃ;5861.0
352380;35238008;ITOBI;8210.0
352390;35239098;ITU;174561.0
352400;35240068;ITUPEVA;74119.0
352410;35241058;ITUVERAVA;38451.0
352270;35227038;ITÁPOLIS;40464.0
352420;35242048;JABORANDI;6293.0
352430;35243038;JABOTICABAL;73467.0
352440;35244028;JACAREÍ;249968.0
352450;35245018;JACI;7878.0
352460;35246008;JACUPIRANGA;16254.0
352470;35247098;JAGUARIÚNA;61801.0
352480;35248088;JALES;50017.0
352490;35249078;JAMBEIRO;6575.0
352500;35250038;JANDIRA;121988.0
352510;35251028;JARDINÓPOLIS;46868.0
352520;35252018;JARINU;39531.0
352530;35253008;JAÚ;137323.0
352540;35254098;JERIQUARA;3976.0
352550;35255088;JOANÓPOLIS;13095.0
352570;35257068;JOSÉ BONIFÁCIO;37859.0
352560;35256078;JOÃO RAMALHO;4456.0
352585;35258548;JUMIRIM;3123.0
352590;35259048;JUNDIAÍ;460313.0
352600;35260018;JUNQUEIRÓPOLIS;20878.0
352620;35262098;JUQUITIBA;28007.0
352610;35261008;JUQUIÁ;17255.0
352580;35258058;JÚLIO MESQUITA;4308.0
352630;35263088;LAGOINHA;5182.0
352640;35264078;LARANJAL PAULISTA;27009.0
352660;35266058;LAVRINHAS;7328.0
352650;35265068;LAVÍNIA;9909.0
352670;35267048;LEME;101316.0
352680;35268038;LENÇÓIS PAULISTA;68395.0
352690;35269028;LIMEIRA;300728.0
352700;35270098;LINDÓIA;7147.0
352710;35271088;LINS;76729.0
352720;35272078;LORENA;87370.0
352725;35272568;LOURDES;1968.0
352730;35273068;LOUVEIRA;54111.0
352750;35275048;LUCIANÓPOLIS;2419.0
352740;35274058;LUCÉLIA;20372.0
352770;35277028;LUIZIÂNIA;4751.0
352780;35278018;LUPÉRCIO;4017.0
352790;35279008;LUTÉCIA;2699.0
352760;35276038;LUÍS ANTÔNIO;12531.0
352800;35280078;MACATUBA;17120.0
352810;35281068;MACAUBAL;7587.0
352820;35282058;MACEDÔNIA;4048.0
352830;35283048;MAGDA;3212.0
352840;35284038;MAIRINQUE;51660.0
352850;35285028;MAIRIPORÃ;97399.0
352860;35286018;MANDURI;10092.0
352870;35287008;MARABÁ PAULISTA;4627.0
352880;35288098;MARACAÍ;12826.0
352885;35288588;MARAPOAMA;3392.0
352910;35291048;MARINÓPOLIS;1870.0
352890;35289088;MARIÁPOLIS;3539.0
352920;35292038;MARTINÓPOLIS;25299.0
352900;35290058;MARÍLIA;246627.0
352930;35293028;MATÃO;80998.0
352940;35294018;MAUÁ;429380.0
352950;35295008;MENDONÇA;6369.0
352960;35296098;MERIDIANO;4697.0
352965;35296588;MESÓPOLIS;1988.0
352970;35297088;MIGUELÓPOLIS;19655.0
352980;35298078;MINEIROS DO TIETÊ;11349.0
353000;35300038;MIRA ESTRELA;3199.0
352990;35299068;MIRACATU;18679.0
353010;35301028;MIRANDÓPOLIS;28737.0
353020;35302018;MIRANTE DO PARANAPANEMA;16069.0
353030;35303008;MIRASSOL;65485.0
353040;35304098;MIRASSOLÂNDIA;4771.0
353050;35305088;MOCOCA;69324.0
353060;35306078;MOGI DAS CRUZES;468120.0
353070;35307068;MOGI GUAÇU;159735.0
353080;35308058;MOGI MIRIM;95534.0
353090;35309048;MOMBUCA;3815.0
353110;35311008;MONGAGUÁ;64519.0
353120;35312098;MONTE ALEGRE DO SUL;8873.0
353130;35313088;MONTE ALTO;48725.0
353140;35314078;MONTE APRAZÍVEL;22650.0
353150;35315068;MONTE AZUL PAULISTA;18363.0
353160;35316058;MONTE CASTELO;4301.0
353180;35318038;MONTE MOR;67296.0
353170;35317048;MONTEIRO LOBATO;4205.0
353100;35310018;MONÇÕES;1954.0
353190;35319028;MORRO AGUDO;28561.0
353200;35320098;MORUNGABA;14081.0
353205;35320588;MOTUCA;4079.0
353210;35321088;MURUTINGA DO SUL;3763.0
353215;35321578;NANTES;2699.0
353220;35322078;NARANDIBA;5908.0
353230;35323068;NATIVIDADE DA SERRA;7134.0
353240;35324058;NAZARÉ PAULISTA;18620.0
353250;35325048;NEVES PAULISTA;9921.0
353260;35326038;NHANDEARA;9944.0
353270;35327028;NIPOÃ;4860.0
353280;35328018;NOVA ALIANÇA;6858.0
353282;35328278;NOVA CAMPINA;8631.0
353284;35328438;NOVA CANAÃ PAULISTA;2058.0
353286;35328688;NOVA CASTILHO;1074.0
353290;35329008;NOVA EUROPA;9459.0
353300;35330078;NOVA GRANADA;19725.0
353310;35331068;NOVA GUATAPORANGA;2188.0
353320;35332058;NOVA INDEPENDÊNCIA;4795.0
353330;35333048;NOVA LUZITÂNIA;2838.0
353340;35334038;NOVA ODESSA;64228.0
353325;35332548;NOVAIS;4469.0
353350;35335028;NOVO HORIZONTE;39435.0
353360;35336018;NUPORANGA;7550.0
353370;35337008;OCAUÇU;4412.0
353390;35339088;OLÍMPIA;56701.0
353400;35340058;ONDA VERDE;4912.0
353410;35341048;ORIENTE;6180.0
353420;35342038;ORINDIÚVA;6145.0
353430;35343028;ORLÂNDIA;39193.0
353440;35344018;OSASCO;756952.0
353450;35345008;OSCAR BRESSANE;2504.0
353460;35346098;OSVALDO CRUZ;32099.0
353470;35347088;OURINHOS;106877.0
353480;35348078;OURO VERDE;7901.0
353475;35347578;OUROESTE;10596.0
353490;35349068;PACAEMBU;15217.0
353500;35350028;PALESTINA;11689.0
353510;35351018;PALMARES PAULISTA;9709.0
353520;35352008;PALMEIRA D'OESTE;8994.0
353530;35353098;PALMITAL;19767.0
353540;35354088;PANORAMA;15214.0
353550;35355078;PARAGUAÇU PAULISTA;42087.0
353560;35356068;PARAIBUNA;17950.0
353580;35358048;PARANAPANEMA;19799.0
353590;35359038;PARANAPUÃ;4111.0
353600;35360008;PARAPUÃ;10729.0
353570;35357058;PARAÍSO;6211.0
353610;35361098;PARDINHO;7382.0
353620;35362088;PARIQUERA-AÇU;19576.0
353625;35362578;PARISI;3001.0
353630;35363078;PATROCÍNIO PAULISTA;14837.0
353640;35364068;PAULICÉIA;8200.0
353657;35365708;PAULISTÂNIA;2146.0
353660;35366048;PAULO DE FARIA;7430.0
353650;35365058;PAULÍNIA;115690.0
353670;35367038;PEDERNEIRAS;46223.0
353680;35368028;PEDRA BELA;6718.0
353690;35369018;PEDRANÓPOLIS;2848.0
353700;35370088;PEDREGULHO;15742.0
353710;35371078;PEDREIRA;44332.0
353715;35371568;PEDRINHAS PAULISTA;2838.0
353720;35372068;PEDRO DE TOLEDO;11539.0
353730;35373058;PENÁPOLIS;63317.0
353740;35374048;PEREIRA BARRETO;24389.0
353750;35375038;PEREIRAS;8969.0
353760;35376028;PERUÍBE;70543.0
353770;35377018;PIACATU;5623.0
353780;35378008;PIEDADE;54237.0
353790;35379098;PILAR DO SUL;28417.0
353800;35380068;PINDAMONHANGABA;172027.0
353810;35381058;PINDORAMA;14721.0
353820;35382048;PINHALZINHO;15605.0
353830;35383038;PIQUEROBI;3296.0
353850;35385018;PIQUETE;12570.0
353860;35386008;PIRACAIA;26764.0
353870;35387098;PIRACICABA;438827.0
353880;35388088;PIRAJU;30261.0
353890;35389078;PIRAJUÍ;22743.0
353900;35390048;PIRANGI;11076.0
353910;35391038;PIRAPORA DO BOM JESUS;18836.0
353920;35392028;PIRAPOZINHO;26065.0
353930;35393018;PIRASSUNUNGA;75475.0
353940;35394008;PIRATININGA;15554.0
353950;35395098;PITANGUEIRAS;34416.0
353960;35396088;PLANALTO;4454.0
353970;35397078;PLATINA;3061.0
353990;35399058;POLONI;5696.0
354000;35400028;POMPÉIA;20512.0
354010;35401018;PONGAÍ;3443.0
354020;35402008;PONTAL;38376.0
354025;35402598;PONTALINDA;4196.0
354030;35403098;PONTES GESTAL;2415.0
354040;35404088;POPULINA;4185.0
354050;35405078;PORANGABA;10773.0
354060;35406068;PORTO FELIZ;58345.0
354070;35407058;PORTO FERREIRA;53940.0
354075;35407548;POTIM;20767.0
354080;35408048;POTIRENDABA;18994.0
353980;35398068;POÁ;106431.0
354085;35408538;PRACINHA;2599.0
354090;35409038;PRADÓPOLIS;17309.0
354100;35410008;PRAIA GRANDE;365577.0
354105;35410598;PRATÂNIA;5246.0
354110;35411098;PRESIDENTE ALVES;3841.0
354120;35412088;PRESIDENTE BERNARDES;14772.0
354130;35413078;PRESIDENTE EPITÁCIO;40383.0
354140;35414068;PRESIDENTE PRUDENTE;234083.0
354150;35415058;PRESIDENTE VENCESLAU;35902.0
354160;35416048;PROMISSÃO;35991.0
354165;35416538;QUADRA;3472.0
354170;35417038;QUATÁ;13399.0
354180;35418028;QUEIROZ;3351.0
354190;35419018;QUELUZ;9146.0
354200;35420088;QUINTANA;7225.0
354210;35421078;RAFARD;9133.0
354220;35422068;RANCHARIA;29305.0
354230;35423058;REDENÇÃO DA SERRA;4611.0
354240;35424048;REGENTE FEIJÓ;20565.0
354250;35425038;REGINÓPOLIS;7808.0
354260;35426028;REGISTRO;61732.0
354270;35427018;RESTINGA;6492.0
354280;35428008;RIBEIRA;3166.0
354290;35429098;RIBEIRÃO BONITO;11079.0
354300;35430068;RIBEIRÃO BRANCO;18930.0
354310;35431058;RIBEIRÃO CORRENTE;4706.0
354320;35432048;RIBEIRÃO DO SUL;4768.0
354323;35432388;RIBEIRÃO DOS ÍNDIOS;2045.0
354325;35432538;RIBEIRÃO GRANDE;7570.0
354330;35433038;RIBEIRÃO PIRES;118877.0
354340;35434028;RIBEIRÃO PRETO;728400.0
354360;35436008;RIFAINA;4158.0
354370;35437098;RINCÃO;9145.0
354380;35438088;RINÓPOLIS;9357.0
354390;35439078;RIO CLARO;208857.0
354400;35440048;RIO DAS PEDRAS;32267.0
354410;35441038;RIO GRANDE DA SERRA;45317.0
354420;35442028;RIOLÂNDIA;10453.0
354350;35435018;RIVERSUL;5647.0
354425;35442518;ROSANA;17533.0
354430;35443018;ROSEIRA;11095.0
354450;35445098;RUBINÉIA;3965.0
354440;35444008;RUBIÁCEA;2741.0
354460;35446088;SABINO;5185.0
354470;35447078;SAGRES;2519.0
354480;35448068;SALES;6612.0
354490;35449058;SALES OLIVEIRA;11654.0
354500;35450018;SALESÓPOLIS;15396.0
354510;35451008;SALMOURÃO;4883.0
354515;35451598;SALTINHO;8371.0
354520;35452098;SALTO;140125.0
354530;35453088;SALTO DE PIRAPORA;45138.0
354540;35454078;SALTO GRANDE;9212.0
354550;35455068;SANDOVALINA;3699.0
354560;35456058;SANTA ADÉLIA;14203.0
354570;35457048;SANTA ALBERTINA;6543.0
354600;35460098;SANTA BRANCA;14212.0
354580;35458038;SANTA BÁRBARA D'OESTE;189338.0
354610;35461088;SANTA CLARA D'OESTE;2677.0
354620;35462078;SANTA CRUZ DA CONCEIÇÃO;4365.0
354625;35462568;SANTA CRUZ DA ESPERANÇA;2162.0
354630;35463068;SANTA CRUZ DAS PALMEIRAS;29525.0
354640;35464058;SANTA CRUZ DO RIO PARDO;47677.0
354650;35465048;SANTA ERNESTINA;6256.0
354660;35466038;SANTA FÉ DO SUL;36098.0
354670;35467028;SANTA GERTRUDES;24107.0
354680;35468018;SANTA ISABEL;54586.0
354690;35469008;SANTA LÚCIA;7181.0
354700;35470078;SANTA MARIA DA SERRA;5314.0
354710;35471068;SANTA MERCEDES;3012.0
354740;35474038;SANTA RITA D'OESTE;2790.0
354750;35475028;SANTA RITA DO PASSA QUATRO;25060.0
354760;35476018;SANTA ROSA DE VITERBO;23725.0
354765;35476508;SANTA SALETE;1686.0
354720;35472058;SANTANA DA PONTE PENSA;1698.0
354730;35473048;SANTANA DE PARNAÍBA;162341.0
354770;35477008;SANTO ANASTÁCIO;18045.0
354780;35478098;SANTO ANDRÉ;778711.0
354790;35479088;SANTO ANTÔNIO DA ALEGRIA;6917.0
354800;35480058;SANTO ANTÔNIO DE POSSE;23779.0
354805;35480548;SANTO ANTÔNIO DO ARACANGUÁ;8568.0
354810;35481048;SANTO ANTÔNIO DO JARDIM;6237.0
354820;35482038;SANTO ANTÔNIO DO PINHAL;7294.0
354830;35483028;SANTO EXPEDITO;3063.0
354850;35485008;SANTOS;429567.0
354840;35484018;SANTÓPOLIS DO AGUAPEÍ;3933.0
355110;35511088;SARAPUÍ;10632.0
355120;35512078;SARUTAIÁ;3769.0
355130;35513068;SEBASTIANÓPOLIS DO SUL;3187.0
355140;35514058;SERRA AZUL;13058.0
355160;35516038;SERRA NEGRA;30920.0
355150;35515048;SERRANA;45408.0
355170;35517028;SERTÃOZINHO;131600.0
355180;35518018;SETE BARRAS;12912.0
355190;35519008;SEVERÍNIA;14724.0
355200;35520078;SILVEIRAS;6313.0
355210;35521068;SOCORRO;41405.0
355220;35522058;SOROCABA;757459.0
355230;35523048;SUD MENNUCCI;7466.0
355240;35524038;SUMARÉ;289787.0
355250;35525028;SUZANO;318765.0
355255;35525518;SUZANÁPOLIS;3464.0
354860;35486098;SÃO BENTO DO SAPUCAÍ;11948.0
354870;35487088;SÃO BERNARDO DO CAMPO;840499.0
354880;35488078;SÃO CAETANO DO SUL;172109.0
354890;35489068;SÃO CARLOS;265294.0
354900;35490038;SÃO FRANCISCO;2629.0
354940;35494098;SÃO JOAQUIM DA BARRA;49815.0
354950;35495088;SÃO JOSÉ DA BELA VISTA;7690.0
354960;35496078;SÃO JOSÉ DO BARREIRO;3898.0
354970;35497068;SÃO JOSÉ DO RIO PARDO;53416.0
354980;35498058;SÃO JOSÉ DO RIO PRETO;501597.0
354990;35499048;SÃO JOSÉ DOS CAMPOS;724756.0
354910;35491028;SÃO JOÃO DA BOA VISTA;95762.0
354920;35492018;SÃO JOÃO DAS DUAS PONTES;2622.0
354925;35492508;SÃO JOÃO DE IRACEMA;1880.0
354930;35493008;SÃO JOÃO DO PAU D'ALHO;2288.0
354995;35499538;SÃO LOURENÇO DA SERRA;16458.0
355000;35500018;SÃO LUIZ DO PARAITINGA;10497.0
355010;35501008;SÃO MANUEL;38166.0
355020;35502098;SÃO MIGUEL ARCANJO;32904.0
355030;35503088;SÃO PAULO;11895578.0
355040;35504078;SÃO PEDRO;39725.0
355050;35505068;SÃO PEDRO DO TURVO;7333.0
355060;35506058;SÃO ROQUE;81342.0
355070;35507048;SÃO SEBASTIÃO;84019.0
355080;35508038;SÃO SEBASTIÃO DA GRAMA;10484.0
355090;35509028;SÃO SIMÃO;13590.0
355100;35510098;SÃO VICENTE;338407.0
355260;35526018;TABAPUÃ;11499.0
355270;35527008;TABATINGA;14994.0
355280;35528098;TABOÃO DA SERRA;284274.0
355290;35529088;TACIBA;6399.0
355300;35530058;TAGUAÍ;13006.0
355310;35531048;TAIAÇU;5751.0
355320;35532038;TAIÚVA;6733.0
355330;35533028;TAMBAÚ;21682.0
355340;35534018;TANABI;26021.0
355360;35536098;TAPIRATIBA;11936.0
355350;35535008;TAPIRAÍ;8122.0
355365;35536588;TAQUARAL;2652.0
355370;35537088;TAQUARITINGA;53322.0
355380;35538078;TAQUARITUBA;24863.0
355385;35538568;TAQUARIVAÍ;7112.0
355390;35539068;TARABAI;6635.0
355395;35539558;TARUMÃ;15248.0
355400;35540038;TATUÍ;128560.0
355410;35541028;TAUBATÉ;321298.0
355420;35542018;TEJUPÁ;4142.0
355430;35543008;TEODORO SAMPAIO;22559.0
355440;35544098;TERRA ROXA;7985.0
355450;35545088;TIETÊ;38690.0
355460;35546078;TIMBURI;2490.0
355465;35546568;TORRE DE PEDRA;2063.0
355470;35547068;TORRINHA;9484.0
355475;35547558;TRABIJU;1719.0
355480;35548058;TREMEMBÉ;53083.0
355490;35549048;TRÊS FRONTEIRAS;7013.0
355495;35549538;TUIUTI;6947.0
355510;35551098;TUPI PAULISTA;16206.0
355500;35550008;TUPÃ;65416.0
355520;35552088;TURIÚBA;1839.0
355530;35553078;TURMALINA;1672.0
355535;35553568;UBARANA;5456.0
355540;35554068;UBATUBA;96598.0
355550;35555058;UBIRAJARA;5265.0
355560;35556048;UCHOA;10627.0
355570;35557038;UNIÃO PAULISTA;1628.0
355590;35559018;URU;1419.0
355600;35560088;URUPÊS;14038.0
355580;35558028;URÂNIA;8973.0
355610;35561078;VALENTIM GENTIL;14531.0
355620;35562068;VALINHOS;131277.0
355630;35563058;VALPARAÍSO;24723.0
355635;35563548;VARGEM;10805.0
355640;35564048;VARGEM GRANDE DO SUL;41226.0
355645;35564538;VARGEM GRANDE PAULISTA;52103.0
355660;35566028;VERA CRUZ;10294.0
355670;35567018;VINHEDO;79235.0
355680;35568008;VIRADOURO;17681.0
355690;35569098;VISTA ALEGRE DO ALTO;8327.0
355695;35569588;VITÓRIA BRASIL;1826.0
355700;35570068;VOTORANTIM;132849.0
355710;35571058;VOTUPORANGA;100159.0
355650;35565038;VÁRZEA PAULISTA;119576.0
355715;35571548;ZACARIAS;2761.0
350040;35004028;ÁGUAS DA PRATA;7470.0
350050;35005018;ÁGUAS DE LINDÓIA;18245.0
350055;35005508;ÁGUAS DE SANTA BÁRBARA;7407.0
350060;35006008;ÁGUAS DE SÃO PEDRO;2829.0
350120;35012028;ÁLVARES FLORENCE;3978.0
350130;35013018;ÁLVARES MACHADO;28250.0
350140;35014008;ÁLVARO DE CARVALHO;4896.0
353380;35338098;ÓLEO;2540.0
